Timestamp,UTC,Callsign,Position,Altitude,Speed,Direction
1732727210,2024-11-27T17:06:50Z,WZZ2412,"40.620678,14.920323",0,0,140
1732727303,2024-11-27T17:08:23Z,WZZ2412,"40.620884,14.920135",0,1,123
1732727347,2024-11-27T17:09:07Z,WZZ2412,"40.621017,14.919933",0,1,90
1732727388,2024-11-27T17:09:48Z,WZZ2412,"40.621052,14.91973",0,1,50
1732727604,2024-11-27T17:13:24Z,WZZ2412,"40.621216,14.919995",0,6,50
1732727612,2024-11-27T17:13:32Z,WZZ2412,"40.621342,14.920214",0,6,50
1732727619,2024-11-27T17:13:39Z,WZZ2412,"40.621479,14.920425",0,7,53
1732727626,2024-11-27T17:13:46Z,WZZ2412,"40.621616,14.920685",0,8,53
1732727633,2024-11-27T17:13:53Z,WZZ2412,"40.621784,14.920947",0,8,47
1732727639,2024-11-27T17:13:59Z,WZZ2412,"40.622028,14.920963",0,9,8
1732727647,2024-11-27T17:14:07Z,WZZ2412,"40.622334,14.920713",0,11,329
1732727651,2024-11-27T17:14:11Z,WZZ2412,"40.622471,14.92051",0,9,315
1732727656,2024-11-27T17:14:16Z,WZZ2412,"40.622482,14.920292",0,8,286
1732727661,2024-11-27T17:14:21Z,WZZ2412,"40.622406,14.92009",0,9,255
1732727667,2024-11-27T17:14:27Z,WZZ2412,"40.622269,14.919846",0,9,239
1732727676,2024-11-27T17:14:36Z,WZZ2412,"40.622078,14.919496",0,7,236
1732727681,2024-11-27T17:14:41Z,WZZ2412,"40.622112,14.91923",0,9,270
1732727689,2024-11-27T17:14:49Z,WZZ2412,"40.622372,14.918915",0,10,315
1732727697,2024-11-27T17:14:57Z,WZZ2412,"40.622738,14.918549",0,12,323
1732727703,2024-11-27T17:15:03Z,WZZ2412,"40.62299,14.918289",0,10,323
1732727714,2024-11-27T17:15:14Z,WZZ2412,"40.62323,14.917998",0,0,312
1732727721,2024-11-27T17:15:21Z,WZZ2412,"40.623169,14.917795",0,6,270
1732727752,2024-11-27T17:15:52Z,WZZ2412,"40.622986,14.917592",0,7,233
1732727760,2024-11-27T17:16:00Z,WZZ2412,"40.622326,14.916443",0,51,233
1732727768,2024-11-27T17:16:08Z,WZZ2412,"40.620529,14.913406",0,96,230
1732727777,2024-11-27T17:16:17Z,WZZ2412,"40.617851,14.908822",0,134,232
1732727786,2024-11-27T17:16:26Z,WZZ2412,"40.613846,14.901917",0,158,232
1732727793,2024-11-27T17:16:33Z,WZZ2412,"40.610504,14.896301",225,158,231
1732727802,2024-11-27T17:16:42Z,WZZ2412,"40.606339,14.889343",675,160,230
1732727811,2024-11-27T17:16:51Z,WZZ2412,"40.601852,14.882629",1125,161,228
1732727814,2024-11-27T17:16:54Z,WZZ2412,"40.600342,14.880493",1250,165,226
1732727817,2024-11-27T17:16:57Z,WZZ2412,"40.598831,14.878418",1375,168,226
1732727820,2024-11-27T17:17:00Z,WZZ2412,"40.596954,14.875854",1500,171,226
1732727823,2024-11-27T17:17:03Z,WZZ2412,"40.595272,14.873615",1600,174,225
1732727826,2024-11-27T17:17:06Z,WZZ2412,"40.593613,14.871399",1700,178,225
1732727830,2024-11-27T17:17:10Z,WZZ2412,"40.59169,14.868774",1800,182,225
1732727839,2024-11-27T17:17:19Z,WZZ2412,"40.586151,14.861381",2100,193,225
1732727848,2024-11-27T17:17:28Z,WZZ2412,"40.580143,14.853016",2375,208,226
1732727854,2024-11-27T17:17:34Z,WZZ2412,"40.576218,14.847473",2575,215,227
1732727863,2024-11-27T17:17:43Z,WZZ2412,"40.569855,14.838284",3050,222,228
1732727869,2024-11-27T17:17:49Z,WZZ2412,"40.565598,14.83197",3425,223,228
1732727878,2024-11-27T17:17:58Z,WZZ2412,"40.559464,14.82251",3975,226,229
1732727888,2024-11-27T17:18:08Z,WZZ2412,"40.553467,14.813049",4550,228,230
1732727896,2024-11-27T17:18:16Z,WZZ2412,"40.547333,14.803162",5100,231,231
1732727912,2024-11-27T17:18:32Z,WZZ2412,"40.536945,14.786224",6050,232,231
1732727927,2024-11-27T17:18:47Z,WZZ2412,"40.526608,14.769183",7100,229,231
1732727942,2024-11-27T17:19:02Z,WZZ2412,"40.5173,14.752267",8075,227,241
1732727945,2024-11-27T17:19:05Z,WZZ2412,"40.515995,14.748459",8275,226,247
1732727948,2024-11-27T17:19:08Z,WZZ2412,"40.51506,14.744751",8450,226,253
1732727951,2024-11-27T17:19:11Z,WZZ2412,"40.514412,14.740531",8650,226,260
1732727954,2024-11-27T17:19:14Z,WZZ2412,"40.514099,14.736328",8825,227,266
1732727957,2024-11-27T17:19:17Z,WZZ2412,"40.514191,14.732117",9000,228,273
1732727960,2024-11-27T17:19:20Z,WZZ2412,"40.514645,14.728046",9175,229,279
1732727964,2024-11-27T17:19:24Z,WZZ2412,"40.515518,14.723755",9350,230,286
1732727967,2024-11-27T17:19:27Z,WZZ2412,"40.516739,14.719745",9525,232,292
1732727970,2024-11-27T17:19:30Z,WZZ2412,"40.518402,14.715637",9700,235,300
1732727973,2024-11-27T17:19:33Z,WZZ2412,"40.520233,14.712158",9850,237,304
1732727976,2024-11-27T17:19:36Z,WZZ2412,"40.522373,14.708883",10000,243,313
1732727979,2024-11-27T17:19:39Z,WZZ2412,"40.524811,14.705811",10125,246,318
1732727982,2024-11-27T17:19:42Z,WZZ2412,"40.527866,14.702703",10275,252,324
1732727985,2024-11-27T17:19:45Z,WZZ2412,"40.530807,14.700317",10375,257,329
1732727988,2024-11-27T17:19:48Z,WZZ2412,"40.533916,14.698209",10450,262,332
1732727991,2024-11-27T17:19:51Z,WZZ2412,"40.537445,14.696289",10550,271,339
1732727994,2024-11-27T17:19:54Z,WZZ2412,"40.541553,14.694651",10625,278,344
1732727997,2024-11-27T17:19:57Z,WZZ2412,"40.545231,14.693652",10700,284,349
1732728001,2024-11-27T17:20:01Z,WZZ2412,"40.549652,14.692966",10775,290,354
1732728004,2024-11-27T17:20:04Z,WZZ2412,"40.553741,14.692749",10825,297,358
1732728006,2024-11-27T17:20:06Z,WZZ2412,"40.557705,14.693027",10875,303,3
1732728009,2024-11-27T17:20:09Z,WZZ2412,"40.561249,14.693604",10925,308,6
1732728013,2024-11-27T17:20:13Z,WZZ2412,"40.566284,14.694885",11000,316,12
1732728016,2024-11-27T17:20:16Z,WZZ2412,"40.570679,14.696594",11075,322,17
1732728018,2024-11-27T17:20:18Z,WZZ2412,"40.574661,14.698547",11125,327,21
1732728021,2024-11-27T17:20:21Z,WZZ2412,"40.579025,14.701018",11200,332,23
1732728024,2024-11-27T17:20:24Z,WZZ2412,"40.582031,14.70282",11250,335,25
1732728027,2024-11-27T17:20:27Z,WZZ2412,"40.587498,14.706324",11350,338,25
1732728031,2024-11-27T17:20:31Z,WZZ2412,"40.592514,14.709656",11475,344,26
1732728034,2024-11-27T17:20:34Z,WZZ2412,"40.596863,14.712585",11575,344,27
1732728037,2024-11-27T17:20:37Z,WZZ2412,"40.599697,14.714501",11675,347,27
1732728041,2024-11-27T17:20:41Z,WZZ2412,"40.60611,14.718811",11875,349,27
1732728044,2024-11-27T17:20:44Z,WZZ2412,"40.610821,14.721992",12025,350,27
1732728075,2024-11-27T17:21:15Z,WZZ2412,"40.657467,14.750457",13525,358,15
1732728078,2024-11-27T17:21:18Z,WZZ2412,"40.662868,14.752079",13650,358,11
1732728082,2024-11-27T17:21:22Z,WZZ2412,"40.667404,14.752991",13775,358,5
1732728085,2024-11-27T17:21:25Z,WZZ2412,"40.672989,14.753479",13925,358,2
1732728088,2024-11-27T17:21:28Z,WZZ2412,"40.678345,14.753357",14075,357,358
1732728091,2024-11-27T17:21:31Z,WZZ2412,"40.683334,14.752686",14225,356,353
1732728093,2024-11-27T17:21:33Z,WZZ2412,"40.687271,14.751831",14350,355,351
1732728097,2024-11-27T17:21:37Z,WZZ2412,"40.693127,14.749957",14550,352,344
1732728100,2024-11-27T17:21:40Z,WZZ2412,"40.697548,14.748022",14700,351,341
1732728103,2024-11-27T17:21:43Z,WZZ2412,"40.701508,14.746033",14825,350,338
1732728106,2024-11-27T17:21:46Z,WZZ2412,"40.706768,14.743028",15000,349,336
1732728109,2024-11-27T17:21:49Z,WZZ2412,"40.711376,14.740281",15150,351,341
1732728112,2024-11-27T17:21:52Z,WZZ2412,"40.714966,14.738159",15275,350,335
1732728118,2024-11-27T17:21:58Z,WZZ2412,"40.724644,14.732416",15575,352,335
1732728120,2024-11-27T17:22:00Z,WZZ2412,"40.728195,14.730347",15700,352,336
1732728154,2024-11-27T17:22:34Z,WZZ2412,"40.77813,14.702579",17450,352,337
1732728187,2024-11-27T17:23:07Z,WZZ2412,"40.828857,14.674866",19025,356,337
1732728223,2024-11-27T17:23:43Z,WZZ2412,"40.883194,14.644775",20225,369,337
1732728256,2024-11-27T17:24:16Z,WZZ2412,"40.936981,14.616577",21575,376,342
1732728268,2024-11-27T17:24:28Z,WZZ2412,"40.957306,14.60968",22000,380,347
1732728271,2024-11-27T17:24:31Z,WZZ2412,"40.962387,14.608154",22125,380,347
1732728274,2024-11-27T17:24:34Z,WZZ2412,"40.967697,14.606628",22200,381,347
1732728277,2024-11-27T17:24:37Z,WZZ2412,"40.972904,14.6052",22300,382,348
1732728307,2024-11-27T17:25:07Z,WZZ2412,"41.026016,14.59082",23325,390,348
1732728341,2024-11-27T17:25:41Z,WZZ2412,"41.085526,14.574524",24325,396,348
1732728373,2024-11-27T17:26:13Z,WZZ2412,"41.143845,14.558044",25325,400,347
1732728407,2024-11-27T17:26:47Z,WZZ2412,"41.205387,14.540967",26350,404,348
1732728439,2024-11-27T17:27:19Z,WZZ2412,"41.265625,14.524301",27200,411,348
1732728473,2024-11-27T17:27:53Z,WZZ2412,"41.328377,14.506573",28125,415,347
1732728504,2024-11-27T17:28:24Z,WZZ2412,"41.388336,14.488604",28825,423,347
1732728538,2024-11-27T17:28:58Z,WZZ2412,"41.453568,14.468807",29550,432,348
1732728553,2024-11-27T17:29:13Z,WZZ2412,"41.483826,14.464001",30100,432,357
1732728557,2024-11-27T17:29:17Z,WZZ2412,"41.490055,14.46382",30175,434,359
1732728560,2024-11-27T17:29:20Z,WZZ2412,"41.49614,14.463876",30250,435,359
1732728563,2024-11-27T17:29:23Z,WZZ2412,"41.502159,14.464012",30325,436,1
1732728566,2024-11-27T17:29:26Z,WZZ2412,"41.507767,14.46425",30375,436,1
1732728569,2024-11-27T17:29:29Z,WZZ2412,"41.514866,14.464587",30450,437,2
1732728572,2024-11-27T17:29:32Z,WZZ2412,"41.519897,14.464874",30525,437,2
1732728575,2024-11-27T17:29:35Z,WZZ2412,"41.526306,14.465186",30600,438,2
1732728605,2024-11-27T17:30:05Z,WZZ2412,"41.588333,14.467933",31525,436,1
1732728638,2024-11-27T17:30:38Z,WZZ2412,"41.653873,14.470336",32400,437,1
1732728670,2024-11-27T17:31:10Z,WZZ2412,"41.718811,14.472955",33350,435,1
1732728703,2024-11-27T17:31:43Z,WZZ2412,"41.784851,14.476797",34075,438,4
1732728715,2024-11-27T17:31:55Z,WZZ2412,"41.808792,14.481791",34275,443,12
1732728718,2024-11-27T17:31:58Z,WZZ2412,"41.813686,14.483366",34350,444,14
1732728721,2024-11-27T17:32:01Z,WZZ2412,"41.820156,14.485665",34425,444,15
1732728724,2024-11-27T17:32:04Z,WZZ2412,"41.826443,14.488156",34525,445,16
1732728727,2024-11-27T17:32:07Z,WZZ2412,"41.832367,14.490655",34600,445,17
1732728729,2024-11-27T17:32:09Z,WZZ2412,"41.838127,14.493202",34675,445,18
1732728733,2024-11-27T17:32:13Z,WZZ2412,"41.843994,14.496023",34750,446,20
1732728735,2024-11-27T17:32:15Z,WZZ2412,"41.849529,14.498887",34825,446,21
1732728738,2024-11-27T17:32:18Z,WZZ2412,"41.855209,14.501953",34925,446,22
1732728741,2024-11-27T17:32:21Z,WZZ2412,"41.860794,14.505199",35000,446,23
1732728744,2024-11-27T17:32:24Z,WZZ2412,"41.864521,14.507382",35050,446,23
1732728776,2024-11-27T17:32:56Z,WZZ2412,"41.925831,14.54213",35800,444,22
1732728807,2024-11-27T17:33:27Z,WZZ2412,"41.98407,14.574488",36500,445,22
1732728840,2024-11-27T17:34:00Z,WZZ2412,"42.046307,14.610028",37050,443,23
1732728871,2024-11-27T17:34:31Z,WZZ2412,"42.105614,14.644392",37575,441,23
1732728905,2024-11-27T17:35:05Z,WZZ2412,"42.169159,14.681376",37975,441,23
1732728935,2024-11-27T17:35:35Z,WZZ2412,"42.225082,14.714002",38000,437,23
1732728967,2024-11-27T17:36:07Z,WZZ2412,"42.284653,14.748698",38000,440,23
1732728999,2024-11-27T17:36:39Z,WZZ2412,"42.345779,14.784404",38000,442,23
1732729031,2024-11-27T17:37:11Z,WZZ2412,"42.4048,14.818996",38000,441,23
1732729064,2024-11-27T17:37:44Z,WZZ2412,"42.466324,14.855076",38000,444,23
1732729095,2024-11-27T17:38:15Z,WZZ2412,"42.525146,14.889783",38000,444,23
1732729127,2024-11-27T17:38:47Z,WZZ2412,"42.583237,14.923928",38000,444,23
1732729160,2024-11-27T17:39:20Z,WZZ2412,"42.64753,14.961782",38000,445,23
1732729193,2024-11-27T17:39:53Z,WZZ2412,"42.709396,14.99846",38000,445,23
1732729226,2024-11-27T17:40:26Z,WZZ2412,"42.772522,15.036132",38000,446,23
1732729256,2024-11-27T17:40:56Z,WZZ2412,"42.829361,15.069972",38000,447,23
1732729290,2024-11-27T17:41:30Z,WZZ2412,"42.892117,15.107378",38000,448,23
1732729322,2024-11-27T17:42:02Z,WZZ2412,"42.954449,15.144523",38000,447,23
1732729354,2024-11-27T17:42:34Z,WZZ2412,"43.013809,15.180039",37975,450,23
1732729387,2024-11-27T17:43:07Z,WZZ2412,"43.076248,15.217406",38000,449,23
1732729420,2024-11-27T17:43:40Z,WZZ2412,"43.140335,15.250939",37975,450,20
1732729452,2024-11-27T17:44:12Z,WZZ2412,"43.204605,15.28326",38000,452,20
1732729486,2024-11-27T17:44:46Z,WZZ2412,"43.270119,15.317164",38000,452,20
1732729515,2024-11-27T17:45:15Z,WZZ2412,"43.327972,15.347517",38000,452,21
1732729548,2024-11-27T17:45:48Z,WZZ2412,"43.391621,15.381121",38025,452,21
1732729580,2024-11-27T17:46:20Z,WZZ2412,"43.453903,15.41401",38025,452,21
1732729613,2024-11-27T17:46:53Z,WZZ2412,"43.517868,15.447562",38025,452,20
1732729646,2024-11-27T17:47:26Z,WZZ2412,"43.583405,15.482163",38025,452,21
1732729679,2024-11-27T17:47:59Z,WZZ2412,"43.647903,15.516592",38000,453,21
1732729711,2024-11-27T17:48:31Z,WZZ2412,"43.708965,15.549186",38000,453,21
1732729744,2024-11-27T17:49:04Z,WZZ2412,"43.773422,15.583531",38000,452,21
1732729774,2024-11-27T17:49:34Z,WZZ2412,"43.831741,15.614638",38000,451,21
1732729807,2024-11-27T17:50:07Z,WZZ2412,"43.89679,15.649449",38000,450,21
1732729838,2024-11-27T17:50:38Z,WZZ2412,"43.957741,15.682134",37975,449,21
1732729870,2024-11-27T17:51:10Z,WZZ2412,"44.017841,15.714438",37975,450,21
1732729902,2024-11-27T17:51:42Z,WZZ2412,"44.081955,15.749029",37950,452,21
1732729935,2024-11-27T17:52:15Z,WZZ2412,"44.144394,15.782691",37950,452,21
1732729967,2024-11-27T17:52:47Z,WZZ2412,"44.207867,15.81703",37975,455,21
1732729999,2024-11-27T17:53:19Z,WZZ2412,"44.270947,15.851462",38000,457,21
1732730030,2024-11-27T17:53:50Z,WZZ2412,"44.331985,15.884923",38025,458,21
1732730064,2024-11-27T17:54:24Z,WZZ2412,"44.39859,15.921151",38050,460,21
1732730094,2024-11-27T17:54:54Z,WZZ2412,"44.457668,15.953086",38050,460,21
1732730128,2024-11-27T17:55:28Z,WZZ2412,"44.524887,15.989863",38000,460,21
1732730161,2024-11-27T17:56:01Z,WZZ2412,"44.590153,16.025837",37450,457,21
1732730194,2024-11-27T17:56:34Z,WZZ2412,"44.656166,16.062548",37025,458,21
1732730227,2024-11-27T17:57:07Z,WZZ2412,"44.72081,16.098043",37000,460,21
1732730260,2024-11-27T17:57:40Z,WZZ2412,"44.786373,16.134295",37000,460,21
1732730293,2024-11-27T17:58:13Z,WZZ2412,"44.850567,16.169865",37000,461,21
1732730325,2024-11-27T17:58:45Z,WZZ2412,"44.915878,16.206173",37000,462,21
1732730359,2024-11-27T17:59:19Z,WZZ2412,"44.981846,16.242884",37000,463,21
1732730389,2024-11-27T17:59:49Z,WZZ2412,"45.04216,16.276442",37025,464,21
1732730422,2024-11-27T18:00:22Z,WZZ2412,"45.107071,16.312735",37025,463,21
1732730456,2024-11-27T18:00:56Z,WZZ2412,"45.175186,16.351057",37025,463,21
1732730486,2024-11-27T18:01:26Z,WZZ2412,"45.236065,16.385506",37025,464,21
1732730519,2024-11-27T18:01:59Z,WZZ2412,"45.301346,16.422272",37000,462,21
1732730553,2024-11-27T18:02:33Z,WZZ2412,"45.367809,16.459999",37000,461,21
1732730584,2024-11-27T18:03:04Z,WZZ2412,"45.429932,16.495188",37000,460,21
1732730617,2024-11-27T18:03:37Z,WZZ2412,"45.494522,16.532003",36975,460,21
1732730649,2024-11-27T18:04:09Z,WZZ2412,"45.558746,16.568722",36975,460,21
1732730683,2024-11-27T18:04:43Z,WZZ2412,"45.623848,16.605904",36975,458,21
1732730716,2024-11-27T18:05:16Z,WZZ2412,"45.689114,16.643188",36975,458,21
1732730749,2024-11-27T18:05:49Z,WZZ2412,"45.753727,16.679855",36975,458,21
1732730781,2024-11-27T18:06:21Z,WZZ2412,"45.81839,16.717173",36575,460,21
1732730813,2024-11-27T18:06:53Z,WZZ2412,"45.881096,16.753601",35800,460,22
1732730847,2024-11-27T18:07:27Z,WZZ2412,"45.947197,16.79171",35000,464,21
1732730880,2024-11-27T18:08:00Z,WZZ2412,"46.013947,16.83005",34200,474,21
1732730913,2024-11-27T18:08:33Z,WZZ2412,"46.081268,16.869576",33600,474,23
1732730946,2024-11-27T18:09:06Z,WZZ2412,"46.14592,16.917204",33075,466,30
1732730979,2024-11-27T18:09:39Z,WZZ2412,"46.204399,16.973122",33000,472,36
1732731009,2024-11-27T18:10:09Z,WZZ2412,"46.255646,17.034035",33000,478,42
1732731043,2024-11-27T18:10:43Z,WZZ2412,"46.307327,17.11067",33000,480,48
1732731076,2024-11-27T18:11:16Z,WZZ2412,"46.352371,17.195011",33000,482,55
1732731108,2024-11-27T18:11:48Z,WZZ2412,"46.389816,17.282524",33000,482,60
1732731140,2024-11-27T18:12:20Z,WZZ2412,"46.425617,17.373436",32325,476,60
1732731174,2024-11-27T18:12:54Z,WZZ2412,"46.461502,17.463238",31375,464,59
1732731206,2024-11-27T18:13:26Z,WZZ2412,"46.496887,17.550459",30350,455,59
1732731240,2024-11-27T18:14:00Z,WZZ2412,"46.531723,17.636139",29325,446,59
1732731273,2024-11-27T18:14:33Z,WZZ2412,"46.566063,17.72081",28225,438,59
1732731306,2024-11-27T18:15:06Z,WZZ2412,"46.599518,17.803947",27225,427,59
1732731339,2024-11-27T18:15:39Z,WZZ2412,"46.632019,17.884939",26275,418,59
1732731369,2024-11-27T18:16:09Z,WZZ2412,"46.660995,17.95742",25150,416,59
1732731400,2024-11-27T18:16:40Z,WZZ2412,"46.690155,18.030373",24350,404,59
1732731432,2024-11-27T18:17:12Z,WZZ2412,"46.719589,18.103928",23425,394,59
1732731463,2024-11-27T18:17:43Z,WZZ2412,"46.747898,18.175301",22475,388,60
1732731494,2024-11-27T18:18:14Z,WZZ2412,"46.775547,18.245407",21500,381,60
1732731525,2024-11-27T18:18:45Z,WZZ2412,"46.802628,18.313807",20425,380,59
1732731558,2024-11-27T18:19:18Z,WZZ2412,"46.830994,18.385139",19600,368,60
1732731589,2024-11-27T18:19:49Z,WZZ2412,"46.858109,18.454351",18525,366,60
1732731620,2024-11-27T18:20:20Z,WZZ2412,"46.884293,18.522125",16800,382,60
1732731653,2024-11-27T18:20:53Z,WZZ2412,"46.913086,18.596214",15650,374,60
1732731689,2024-11-27T18:21:29Z,WZZ2412,"46.943325,18.672743",14475,366,59
1732731719,2024-11-27T18:21:59Z,WZZ2412,"46.967857,18.736479",13575,355,60
1732731753,2024-11-27T18:22:33Z,WZZ2412,"46.994995,18.80641",12450,348,60
1732731786,2024-11-27T18:23:06Z,WZZ2412,"47.02121,18.873413",11350,344,60
1732731801,2024-11-27T18:23:21Z,WZZ2412,"47.033112,18.904243",10800,342,60
1732731818,2024-11-27T18:23:38Z,WZZ2412,"47.046158,18.937752",10275,338,60
1732731832,2024-11-27T18:23:52Z,WZZ2412,"47.056213,18.963881",10075,326,60
1732731846,2024-11-27T18:24:06Z,WZZ2412,"47.064358,18.985432",9925,317,61
1732731861,2024-11-27T18:24:21Z,WZZ2412,"47.077698,19.020767",9700,304,60
1732731877,2024-11-27T18:24:37Z,WZZ2412,"47.088089,19.048027",9450,295,60
1732731892,2024-11-27T18:24:52Z,WZZ2412,"47.09811,19.074097",9050,292,60
1732731906,2024-11-27T18:25:06Z,WZZ2412,"47.107819,19.099457",8675,291,60
1732731922,2024-11-27T18:25:22Z,WZZ2412,"47.117008,19.123394",8350,286,60
1732731935,2024-11-27T18:25:35Z,WZZ2412,"47.125389,19.145296",8025,282,60
1732731947,2024-11-27T18:25:47Z,WZZ2412,"47.133816,19.16741",7700,280,60
1732731962,2024-11-27T18:26:02Z,WZZ2412,"47.142567,19.190369",7375,276,60
1732731975,2024-11-27T18:26:15Z,WZZ2412,"47.150715,19.211849",6975,276,60
1732731988,2024-11-27T18:26:28Z,WZZ2412,"47.159,19.23361",6550,278,60
1732732000,2024-11-27T18:26:40Z,WZZ2412,"47.167007,19.254639",6200,278,60
1732732014,2024-11-27T18:26:54Z,WZZ2412,"47.175293,19.276337",5875,276,60
1732732027,2024-11-27T18:27:07Z,WZZ2412,"47.183811,19.298613",5550,272,60
1732732040,2024-11-27T18:27:20Z,WZZ2412,"47.191772,19.319595",5250,270,60
1732732053,2024-11-27T18:27:33Z,WZZ2412,"47.199463,19.339714",5100,260,60
1732732067,2024-11-27T18:27:47Z,WZZ2412,"47.207245,19.360245",4950,252,60
1732732075,2024-11-27T18:27:55Z,WZZ2412,"47.212097,19.373085",4850,246,60
1732732084,2024-11-27T18:28:04Z,WZZ2412,"47.217098,19.38615",4675,244,60
1732732091,2024-11-27T18:28:11Z,WZZ2412,"47.221008,19.39587",4525,242,57
1732732093,2024-11-27T18:28:13Z,WZZ2412,"47.222359,19.398685",4475,242,55
1732732095,2024-11-27T18:28:15Z,WZZ2412,"47.22345,19.400826",4450,241,51
1732732097,2024-11-27T18:28:17Z,WZZ2412,"47.225327,19.404053",4375,242,48
1732732099,2024-11-27T18:28:19Z,WZZ2412,"47.227013,19.406645",4325,242,46
1732732102,2024-11-27T18:28:22Z,WZZ2412,"47.228302,19.408585",4275,242,44
1732732104,2024-11-27T18:28:24Z,WZZ2412,"47.230087,19.411057",4225,242,43
1732732106,2024-11-27T18:28:26Z,WZZ2412,"47.23201,19.413803",4175,241,43
1732732108,2024-11-27T18:28:28Z,WZZ2412,"47.233715,19.41608",4150,241,42
1732732110,2024-11-27T18:28:30Z,WZZ2412,"47.235443,19.418404",4100,242,42
1732732112,2024-11-27T18:28:32Z,WZZ2412,"47.237274,19.420944",4050,241,42
1732732114,2024-11-27T18:28:34Z,WZZ2412,"47.238922,19.423073",4000,242,42
1732732117,2024-11-27T18:28:37Z,WZZ2412,"47.241531,19.426643",3925,241,42
1732732119,2024-11-27T18:28:39Z,WZZ2412,"47.243118,19.428688",3875,241,42
1732732122,2024-11-27T18:28:42Z,WZZ2412,"47.245167,19.431435",3850,240,42
1732732124,2024-11-27T18:28:44Z,WZZ2412,"47.246841,19.433647",3800,240,42
1732732127,2024-11-27T18:28:47Z,WZZ2412,"47.249084,19.4366",3750,240,42
1732732135,2024-11-27T18:28:55Z,WZZ2412,"47.255688,19.445589",3625,237,42
1732732142,2024-11-27T18:29:02Z,WZZ2412,"47.260986,19.452736",3500,236,42
1732732149,2024-11-27T18:29:09Z,WZZ2412,"47.266434,19.460152",3375,233,42
1732732159,2024-11-27T18:29:19Z,WZZ2412,"47.27417,19.470661",3275,226,42
1732732166,2024-11-27T18:29:26Z,WZZ2412,"47.28027,19.478689",3225,221,39
1732732171,2024-11-27T18:29:31Z,WZZ2412,"47.284698,19.482536",3175,216,26
1732732176,2024-11-27T18:29:36Z,WZZ2412,"47.289253,19.484535",3150,214,12
1732732179,2024-11-27T18:29:39Z,WZZ2412,"47.290928,19.484816",3125,212,6
1732732185,2024-11-27T18:29:45Z,WZZ2412,"47.296555,19.484253",3075,209,349
1732732190,2024-11-27T18:29:50Z,WZZ2412,"47.302986,19.480732",3025,208,334
1732732193,2024-11-27T18:29:53Z,WZZ2412,"47.303925,19.479996",3025,207,326
1732732195,2024-11-27T18:29:55Z,WZZ2412,"47.306946,19.476837",2975,208,323
1732732198,2024-11-27T18:29:58Z,WZZ2412,"47.308456,19.475121",2975,208,320
1732732200,2024-11-27T18:30:00Z,WZZ2412,"47.310482,19.472563",2950,207,318
1732732207,2024-11-27T18:30:07Z,WZZ2412,"47.315277,19.465801",2875,205,315
1732732209,2024-11-27T18:30:09Z,WZZ2412,"47.315643,19.465302",2875,205,315
1732732212,2024-11-27T18:30:12Z,WZZ2412,"47.318859,19.46052",2850,202,314
1732732216,2024-11-27T18:30:16Z,WZZ2412,"47.319534,19.459465",2825,200,314
1732732221,2024-11-27T18:30:21Z,WZZ2412,"47.324249,19.452324",2775,198,313
1732732224,2024-11-27T18:30:24Z,WZZ2412,"47.326172,19.449234",2750,196,313
1732732227,2024-11-27T18:30:27Z,WZZ2412,"47.327473,19.447279",2725,194,313
1732732230,2024-11-27T18:30:30Z,WZZ2412,"47.329708,19.443758",2700,191,313
1732732237,2024-11-27T18:30:37Z,WZZ2412,"47.334091,19.436806",2700,181,312
1732732246,2024-11-27T18:30:46Z,WZZ2412,"47.338783,19.429251",2625,175,312
1732732254,2024-11-27T18:30:54Z,WZZ2412,"47.343346,19.422068",2475,172,313
1732732262,2024-11-27T18:31:02Z,WZZ2412,"47.346603,19.416857",2375,171,312
1732732271,2024-11-27T18:31:11Z,WZZ2412,"47.352264,19.407761",2200,169,312
1732732279,2024-11-27T18:31:19Z,WZZ2412,"47.35675,19.400551",2075,165,312
1732732290,2024-11-27T18:31:30Z,WZZ2412,"47.362289,19.391624",1925,157,312
1732732296,2024-11-27T18:31:36Z,WZZ2412,"47.365181,19.386925",1825,154,312
1732732305,2024-11-27T18:31:45Z,WZZ2412,"47.36937,19.380095",1700,147,311
1732732314,2024-11-27T18:31:54Z,WZZ2412,"47.372772,19.374596",1600,142,312
1732732320,2024-11-27T18:32:00Z,WZZ2412,"47.376022,19.369377",1500,139,312
1732732329,2024-11-27T18:32:09Z,WZZ2412,"47.380051,19.362923",1400,139,312
1732732338,2024-11-27T18:32:18Z,WZZ2412,"47.381607,19.360519",1350,138,312
1732732345,2024-11-27T18:32:25Z,WZZ2412,"47.386593,19.352417",1200,138,312
1732732353,2024-11-27T18:32:33Z,WZZ2412,"47.390457,19.34622",1075,138,312
1732732362,2024-11-27T18:32:42Z,WZZ2412,"47.394287,19.340057",975,139,312
1732732372,2024-11-27T18:32:52Z,WZZ2412,"47.398323,19.333544",875,141,312
1732732381,2024-11-27T18:33:01Z,WZZ2412,"47.402206,19.327217",750,141,312
1732732390,2024-11-27T18:33:10Z,WZZ2412,"47.406281,19.320694",600,140,312
1732732399,2024-11-27T18:33:19Z,WZZ2412,"47.410034,19.314651",500,140,312
1732732408,2024-11-27T18:33:28Z,WZZ2412,"47.4142,19.307922",375,140,312
1732732417,2024-11-27T18:33:37Z,WZZ2412,"47.418064,19.30171",250,137,312
1732732423,2024-11-27T18:33:43Z,WZZ2412,"47.419647,19.299175",200,137,312
1732732432,2024-11-27T18:33:52Z,WZZ2412,"47.424866,19.290756",75,135,312
1732732441,2024-11-27T18:34:01Z,WZZ2412,"47.428207,19.2854",75,109,312
1732732449,2024-11-27T18:34:09Z,WZZ2412,"47.430668,19.281393",0,90,312
1732732457,2024-11-27T18:34:17Z,WZZ2412,"47.432545,19.278362",0,78,312
1732732464,2024-11-27T18:34:24Z,WZZ2412,"47.434261,19.275599",0,66,312
1732732472,2024-11-27T18:34:32Z,WZZ2412,"47.43552,19.273556",0,48,312
1732732479,2024-11-27T18:34:39Z,WZZ2412,"47.436459,19.271994",0,35,309
1732732481,2024-11-27T18:34:41Z,WZZ2412,"47.436573,19.271788",0,34,306
1732732483,2024-11-27T18:34:43Z,WZZ2412,"47.436752,19.27141",0,34,303
1732732484,2024-11-27T18:34:44Z,WZZ2412,"47.436905,19.27104",0,33,300
1732732485,2024-11-27T18:34:45Z,WZZ2412,"47.436985,19.27083",0,32,298
1732732487,2024-11-27T18:34:47Z,WZZ2412,"47.437099,19.270483",0,30,295
1732732489,2024-11-27T18:34:49Z,WZZ2412,"47.437172,19.270231",0,30,292
1732732490,2024-11-27T18:34:50Z,WZZ2412,"47.437248,19.269917",0,30,289
1732732492,2024-11-27T18:34:52Z,WZZ2412,"47.43734,19.269522",0,29,286
1732732495,2024-11-27T18:34:55Z,WZZ2412,"47.437428,19.269087",0,28,284
1732732497,2024-11-27T18:34:57Z,WZZ2412,"47.437473,19.268734",0,27,281
1732732499,2024-11-27T18:34:59Z,WZZ2412,"47.437546,19.268242",0,27,281
1732732500,2024-11-27T18:35:00Z,WZZ2412,"47.43758,19.268028",0,27,284
1732732503,2024-11-27T18:35:03Z,WZZ2412,"47.437637,19.267668",0,27,284
1732732505,2024-11-27T18:35:05Z,WZZ2412,"47.437683,19.267324",0,26,281
1732732506,2024-11-27T18:35:06Z,WZZ2412,"47.43774,19.266964",0,24,281
1732732509,2024-11-27T18:35:09Z,WZZ2412,"47.43779,19.26664",0,22,281
1732732511,2024-11-27T18:35:11Z,WZZ2412,"47.437832,19.266346",0,21,281
1732732512,2024-11-27T18:35:12Z,WZZ2412,"47.437866,19.266123",0,20,281
1732732515,2024-11-27T18:35:15Z,WZZ2412,"47.437912,19.265831",0,18,281
1732732523,2024-11-27T18:35:23Z,WZZ2412,"47.438004,19.265024",0,12,275
1732732527,2024-11-27T18:35:27Z,WZZ2412,"47.437912,19.264715",0,13,247
1732732531,2024-11-27T18:35:31Z,WZZ2412,"47.43774,19.264492",0,12,225
1732732535,2024-11-27T18:35:35Z,WZZ2412,"47.437557,19.264263",0,12,222
1732732539,2024-11-27T18:35:39Z,WZZ2412,"47.437397,19.264063",0,12,222
1732732543,2024-11-27T18:35:43Z,WZZ2412,"47.437206,19.263805",0,13,222
1732732548,2024-11-27T18:35:48Z,WZZ2412,"47.436985,19.263523",0,11,216
1732732554,2024-11-27T18:35:54Z,WZZ2412,"47.436684,19.26347",0,13,182
1732732558,2024-11-27T18:35:58Z,WZZ2412,"47.436508,19.263681",0,11,149
1732732563,2024-11-27T18:36:03Z,WZZ2412,"47.436359,19.263964",0,10,132
1732732568,2024-11-27T18:36:08Z,WZZ2412,"47.436207,19.2642",0,9,132
1732732575,2024-11-27T18:36:15Z,WZZ2412,"47.43602,19.264509",0,9,132
1732732581,2024-11-27T18:36:21Z,WZZ2412,"47.435833,19.264809",0,10,132
1732732585,2024-11-27T18:36:25Z,WZZ2412,"47.435692,19.265041",0,11,132
1732732593,2024-11-27T18:36:33Z,WZZ2412,"47.435452,19.265436",0,8,132
1732732601,2024-11-27T18:36:41Z,WZZ2412,"47.43528,19.265711",0,6,132
1732732613,2024-11-27T18:36:53Z,WZZ2412,"47.435032,19.265705",0,6,182
1732732621,2024-11-27T18:37:01Z,WZZ2412,"47.434902,19.265488",0,5,216
1732732632,2024-11-27T18:37:12Z,WZZ2412,"47.434753,19.265266",0,4,222
